topic,data_type,year,source_file,source_table,Region,Jan,Feb,Mar,Apr,May,Jun,Jul,Aug,Sep,Oct,Nov,Dec,Annual
rainfall,rainfall,2566,table4_rainfall_2566.csv,table4_rainfall,North,2.0,14.7,14.3,25.1,122.0,109.6,145.1,157.7,353.7,236.2,10.7,2.8,1193.9
rainfall,rainfall,2566,table4_rainfall_2566.csv,table4_rainfall,Northeast,13.8,5.8,12.0,46.6,121.3,203.3,262.6,221.8,369.3,164.2,15.1,0.6,1436.4
rainfall,rainfall,2566,table4_rainfall_2566.csv,table4_rainfall,Central,0.0,24.2,2.1,30.1,68.1,97.8,147.0,158.5,251.9,184.4,50.4,8.2,1022.7
rainfall,rainfall,2566,table4_rainfall_2566.csv,table4_rainfall,East,5.7,29.0,15.9,69.1,150.2,194.7,260.0,149.2,368.3,255.4,54.9,8.9,1561.3
rainfall,rainfall,2566,table4_rainfall_2566.csv,table4_rainfall,South_East_Coast,185.9,74.4,26.3,15.4,92.9,113.8,135.6,89.0,167.9,189.0,450.6,232.3,1773.1
rainfall,rainfall,2566,table4_rainfall_2566.csv,table4_rainfall,South_West_Coast,62.3,32.0,19.6,71.2,355.5,248.2,430.0,390.9,590.1,292.8,204.0,66.0,2762.6
rainfall,rainfall,2566,table4_rainfall_2566.csv,table4_rainfall,Thailand,38.9,26.6,15.0,39.5,138.0,155.0,213.6,183.0,342.5,215.4,108.2,44.9,1520.6
rainfall,rainfall,2567,table4_rainfall_2567.csv,table4_rainfall,North,10.4,1.0,28.2,25.8,191.7,144.7,220.5,279.2,255.9,150.1,25.0,6.7,1339.2
rainfall,rainfall,2567,table4_rainfall_2567.csv,table4_rainfall,Northeast,3.6,1.8,69.2,14.1,214.2,181.0,270.4,237.6,349.1,87.1,5.4,0.2,1433.7
rainfall,rainfall,2567,table4_rainfall_2567.csv,table4_rainfall,South_East_Coast,74.0,16.7,21.2,14.1,95.3,93.4,139.9,129.1,131.5,239.8,728.2,363.1,2046.3
rainfall,rainfall,2567,table4_rainfall_2567.csv,table4_rainfall,East,10.7,23.9,63.3,6.6,281.1,232.2,444.2,250.8,395.3,225.6,41.5,1.3,1976.5
rainfall,rainfall,2567,table4_rainfall_2567.csv,table4_rainfall,Thailand,18.3,7.6,43.0,20.4,208.7,175.1,260.4,258.1,314.8,187.9,145.8,64.3,1704.4
rainfall,rainfall,2567,table4_rainfall_2567.csv,table4_rainfall,South_West_Coast,13.6,6.3,32.4,63.0,303.2,361.4,343.1,504.7,655.0,372.4,172.1,67.5,2894.7
rainfall,rainfall,2567,table4_rainfall_2567.csv,table4_rainfall,Central,4.2,3.6,41.1,7.8,222.4,117.2,203.6,217.2,247.2,203.9,34.9,1.5,1304.6
rainfall,rainfall,2568,table4_rainfall_2568.csv,table4_rainfall,Northeast,0.0,7.9,50.4,63.4,277.5,233.7,238.2,244.0,304.7,85.5,55.7,7.2,1568.2
rainfall,rainfall,2568,table4_rainfall_2568.csv,table4_rainfall,North,0.0,21.8,7.0,107.7,263.0,127.3,274.2,233.0,253.3,109.2,123.5,4.6,1524.6
rainfall,rainfall,2568,table4_rainfall_2568.csv,table4_rainfall,South_West_Coast,18.4,46.8,60.1,221.0,469.7,417.2,211.4,390.1,391.6,449.8,381.1,39.5,3096.7
rainfall,rainfall,2568,table4_rainfall_2568.csv,table4_rainfall,Thailand,18.4,34.1,37.4,110.5,283.4,190.6,212.9,234.6,283.1,165.5,212.2,33.3,1816.0
rainfall,rainfall,2568,table4_rainfall_2568.csv,table4_rainfall,East,0.0,41.0,73.7,101.6,324.6,246.1,245.4,316.3,395.6,154.0,91.4,2.6,1992.3
rainfall,rainfall,2568,table4_rainfall_2568.csv,table4_rainfall,South_East_Coast,108.5,96.8,38.0,120.9,175.1,117.6,69.7,125.4,131.3,220.6,653.4,170.0,2027.3
rainfall,rainfall,2568,table4_rainfall_2568.csv,table4_rainfall,Central,0.0,11.0,21.5,111.5,280.8,95.2,166.9,131.8,287.7,156.1,143.9,2.6,1409.0
temperature,mean,2566,table1_mean_temperature_2566.csv,table1_mean_temperature,North,22.6,25.2,27.9,31.3,30.4,29.2,29.0,28.0,27.6,27.2,26.3,25.1,27.5
temperature,mean,2566,table1_mean_temperature_2566.csv,table1_mean_temperature,Northeast,22.4,26.3,28.4,31.8,30.8,29.3,29.0,28.6,27.6,27.9,26.6,25.3,27.8
temperature,mean,2566,table1_mean_temperature_2566.csv,table1_mean_temperature,Central,25.6,27.8,29.7,32.0,31.7,30.4,29.8,29.5,28.7,28.7,27.7,27.5,29.1
temperature,mean,2566,table1_mean_temperature_2566.csv,table1_mean_temperature,East,26.2,27.8,29.0,30.5,30.6,29.7,29.2,29.5,28.5,28.5,28.0,28.0,28.8
temperature,mean,2566,table1_mean_temperature_2566.csv,table1_mean_temperature,South_East_Coast,26.2,27.0,27.8,29.8,29.9,29.0,28.9,28.9,28.1,28.1,27.1,27.4,28.2
temperature,mean,2566,table1_mean_temperature_2566.csv,table1_mean_temperature,South_West_Coast,27.2,28.2,28.8,29.6,29.2,28.6,28.3,28.2,27.3,27.8,27.3,28.1,28.2
temperature,mean,2566,table1_mean_temperature_2566.csv,table1_mean_temperature,Thailand,24.4,26.7,28.4,31.0,30.5,29.3,29.0,28.7,27.9,27.9,27.0,26.4,28.1
temperature,max,2566,table2_max_temperature_2566.csv,table2_max_temperature,North,31.0,33.8,36.2,39.4,37.3,35.0,34.5,32.9,32.8,32.6,32.6,32.1,34.2
temperature,max,2566,table2_max_temperature_2566.csv,table2_max_temperature,Northeast,28.9,32.9,35.4,38.4,36.7,34.6,34.0,33.3,32.0,32.7,32.2,31.5,33.6
temperature,max,2566,table2_max_temperature_2566.csv,table2_max_temperature,Central,31.7,34.0,36.3,38.5,37.9,35.5,34.8,34.8,33.6,33.4,33.0,33.2,34.7
temperature,max,2566,table2_max_temperature_2566.csv,table2_max_temperature,East,31.4,33.1,34.4,35.4,35.4,33.7,32.9,33.4,32.6,32.9,32.7,32.9,33.4
temperature,max,2566,table2_max_temperature_2566.csv,table2_max_temperature,South_East_Coast,30.2,31.3,32.4,35.1,35.3,34.3,33.7,34.3,33.0,33.0,30.7,31.0,32.9
temperature,max,2566,table2_max_temperature_2566.csv,table2_max_temperature,South_West_Coast,32.1,33.5,34.6,34.9,33.6,32.6,31.9,31.9,31.4,32.2,31.5,32.5,32.7
temperature,max,2566,table2_max_temperature_2566.csv,table2_max_temperature,Thailand,30.6,33.1,35.0,37.4,36.3,34.4,33.8,33.3,32.6,32.8,32.2,32.1,33.6
temperature,min,2566,table3_min_temperature_2566.csv,table3_min_temperature,North,15.9,18.4,20.9,24.7,25.3,25.2,25.1,24.6,24.4,23.8,21.5,19.6,22.5
temperature,min,2566,table3_min_temperature_2566.csv,table3_min_temperature,Northeast,16.9,20.6,22.2,26.2,26.2,25.5,25.3,25.1,24.7,24.2,21.7,19.8,23.2
temperature,min,2566,table3_min_temperature_2566.csv,table3_min_temperature,Central,20.2,22.5,24.2,26.8,26.8,26.5,26.2,25.8,25.3,25.2,23.4,22.5,24.6
temperature,min,2566,table3_min_temperature_2566.csv,table3_min_temperature,East,21.9,23.4,24.7,26.7,26.9,26.7,26.3,26.6,25.6,25.3,24.2,23.6,25.2
temperature,min,2566,table3_min_temperature_2566.csv,table3_min_temperature,South_East_Coast,22.8,23.2,23.6,25.4,26.0,25.3,25.4,25.2,24.8,24.7,24.1,24.1,24.6
temperature,min,2566,table3_min_temperature_2566.csv,table3_min_temperature,South_West_Coast,23.4,23.9,24.3,25.4,25.7,25.4,25.3,25.2,24.5,24.7,24.6,24.8,24.8
temperature,min,2566,table3_min_temperature_2566.csv,table3_min_temperature,Thailand,19.2,21.3,22.8,25.7,26.0,25.7,25.5,25.3,24.8,24.5,22.8,21.7,23.8
temperature,mean,2567,table1_mean_temperature_2567.csv,table1_mean_temperature,North,24.3,26.3,29.2,32.3,30.3,28.9,28.1,27.9,27.8,27.8,26.0,24.2,27.8
temperature,mean,2567,table1_mean_temperature_2567.csv,table1_mean_temperature,Northeast,25.2,28.0,29.5,33.5,30.6,29.7,28.2,28.7,28.0,27.8,26.6,23.8,28.3
temperature,mean,2567,table1_mean_temperature_2567.csv,table1_mean_temperature,Central,27.7,29.5,31.0,33.0,31.1,30.2,28.8,29.4,28.9,28.8,28.1,26.3,29.4
temperature,mean,2567,table1_mean_temperature_2567.csv,table1_mean_temperature,East,28.1,29.2,30.0,32.0,30.4,30.0,28.6,29.3,28.7,28.5,28.6,27.2,29.2
temperature,mean,2567,table1_mean_temperature_2567.csv,table1_mean_temperature,South_East_Coast,27.4,28.2,29.1,30.6,30.3,29.4,28.6,28.9,28.4,28.1,27.2,26.7,28.6
temperature,mean,2567,table1_mean_temperature_2567.csv,table1_mean_temperature,South_West_Coast,28.5,29.3,29.9,30.9,29.7,28.8,28.3,28.0,27.5,27.7,27.6,27.6,28.7
temperature,mean,2567,table1_mean_temperature_2567.csv,table1_mean_temperature,Thailand,26.3,28.0,29.6,32.2,30.4,29.4,28.4,28.6,28.1,28.0,27.1,25.5,28.5
temperature,max,2567,table2_max_temperature_2567.csv,table2_max_temperature,North,31.9,35.4,37.5,40.3,36.9,34.1,32.8,33.0,32.7,33.6,32.0,31.2,34.3
temperature,max,2567,table2_max_temperature_2567.csv,table2_max_temperature,Northeast,31.7,35.3,36.0,40.4,36.3,34.8,32.6,33.6,32.6,32.7,32.2,30.3,34.0
temperature,max,2567,table2_max_temperature_2567.csv,table2_max_temperature,Central,33.8,36.2,37.4,39.8,37.0,35.0,33.3,34.5,33.7,33.9,33.0,32.0,35.0
temperature,max,2567,table2_max_temperature_2567.csv,table2_max_temperature,East,33.5,34.2,34.7,37.1,35.2,33.8,32.3,33.4,32.7,33.2,33.2,32.1,33.8
temperature,max,2567,table2_max_temperature_2567.csv,table2_max_temperature,South_East_Coast,31.4,32.6,33.8,35.6,35.3,34.4,33.1,34.1,33.2,32.8,31.0,30.2,33.1
temperature,max,2567,table2_max_temperature_2567.csv,table2_max_temperature,South_West_Coast,33.5,35.2,36.1,36.4,34.6,32.7,32.3,32.3,31.3,32.0,31.8,31.8,33.3
temperature,max,2567,table2_max_temperature_2567.csv,table2_max_temperature,Thailand,32.3,34.8,36.1,38.7,36.1,34.2,32.7,33.4,32.7,33.1,32.1,31.1,33.9
temperature,min,2567,table3_min_temperature_2567.csv,table3_min_temperature,North,18.5,18.8,22.1,25.7,25.6,25.4,24.9,24.5,24.5,23.6,21.3,18.7,22.8
temperature,min,2567,table3_min_temperature_2567.csv,table3_min_temperature,Northeast,19.5,21.7,24.0,27.5,26.2,25.9,25.1,25.1,24.6,23.8,21.7,18.2,23.6
temperature,min,2567,table3_min_temperature_2567.csv,table3_min_temperature,Central,22.4,24.1,25.9,27.8,26.8,26.2,25.6,25.6,25.5,25.0,23.9,21.2,25.0
temperature,min,2567,table3_min_temperature_2567.csv,table3_min_temperature,East,23.5,25.2,26.4,27.8,26.7,26.8,25.7,25.9,25.5,25.0,24.4,22.7,25.5
temperature,min,2567,table3_min_temperature_2567.csv,table3_min_temperature,South_East_Coast,23.6,23.9,24.7,26.0,26.2,25.5,25.0,25.2,25.1,24.6,24.2,23.5,24.8
temperature,min,2567,table3_min_temperature_2567.csv,table3_min_temperature,South_West_Coast,24.8,24.6,25.1,26.3,25.9,25.5,25.3,24.9,24.9,24.8,24.8,24.5,25.1
temperature,min,2567,table3_min_temperature_2567.csv,table3_min_temperature,Thailand,21.2,22.3,24.2,26.7,26.1,25.8,25.2,25.1,24.9,24.3,22.9,20.7,24.1
temperature,mean,2568,table1_mean_temperature_2568.csv,table1_mean_temperature,North,21.9,25.7,28.6,29.8,28.7,28.5,27.5,28.0,27.6,27.4,24.3,23.3,26.8
temperature,mean,2568,table1_mean_temperature_2568.csv,table1_mean_temperature,Northeast,21.8,25.8,27.9,29.6,28.7,28.7,28.1,28.2,27.5,27.3,24.3,24.4,26.9
temperature,mean,2568,table1_mean_temperature_2568.csv,table1_mean_temperature,Central,24.7,28.1,30.0,30.8,29.5,29.5,28.8,29.2,28.3,28.4,25.9,26.2,28.3
temperature,mean,2568,table1_mean_temperature_2568.csv,table1_mean_temperature,East,25.7,27.8,29.0,29.8,28.9,29.2,29.0,29.0,28.3,28.0,26.7,27.3,28.2
temperature,mean,2568,table1_mean_temperature_2568.csv,table1_mean_temperature,South_East_Coast,26.1,27.1,28.4,28.7,28.8,28.5,29.0,28.2,28.1,27.6,26.6,26.6,27.8
temperature,mean,2568,table1_mean_temperature_2568.csv,table1_mean_temperature,South_West_Coast,27.7,28.2,29.1,28.5,28.1,28.1,28.9,28.0,27.6,27.2,26.8,27.5,28.0
temperature,mean,2568,table1_mean_temperature_2568.csv,table1_mean_temperature,Thailand,23.9,26.7,28.7,29.6,28.8,28.7,28.4,28.3,27.8,27.6,25.4,25.3,27.4
temperature,max,2568,table2_max_temperature_2568.csv,table2_max_temperature,North,30.6,34.0,36.8,36.9,34.8,33.6,31.9,33.2,32.9,33.2,30.0,30.6,33.2
temperature,max,2568,table2_max_temperature_2568.csv,table2_max_temperature,Northeast,29.6,33.2,34.6,36.4,34.3,33.7,32.5,33.1,32.2,32.3,29.5,30.7,32.7
temperature,max,2568,table2_max_temperature_2568.csv,table2_max_temperature,Central,31.8,34.7,36.5,37.2,34.8,34.3,33.4,34.4,33.1,33.3,30.7,32.1,33.9
temperature,max,2568,table2_max_temperature_2568.csv,table2_max_temperature,East,31.8,33.3,33.9,34.6,33.4,33.2,32.4,33.0,32.1,32.4,31.1,32.5,32.8
temperature,max,2568,table2_max_temperature_2568.csv,table2_max_temperature,South_East_Coast,30.1,31.4,32.6,33.3,33.7,33.6,34.1,33.4,33.0,32.1,30.4,30.6,32.4
temperature,max,2568,table2_max_temperature_2568.csv,table2_max_temperature,South_West_Coast,32.5,33.7,34.4,33.6,32.4,32.2,32.5,32.0,31.5,31.5,30.6,32.4,32.4
temperature,max,2568,table2_max_temperature_2568.csv,table2_max_temperature,Thailand,30.8,33.4,35.0,35.6,34.1,33.5,32.7,33.2,32.5,32.5,30.2,31.2,32.9
temperature,min,2568,table3_min_temperature_2568.csv,table3_min_temperature,North,14.9,18.8,21.7,24.5,24.7,25.1,24.5,24.5,24.3,23.4,20.2,17.8,22.0
temperature,min,2568,table3_min_temperature_2568.csv,table3_min_temperature,Northeast,15.0,19.4,22.2,24.5,25.0,25.2,24.9,24.7,24.5,23.6,20.1,19.0,22.3
temperature,min,2568,table3_min_temperature_2568.csv,table3_min_temperature,Central,18.2,22.4,24.5,26.0,25.8,25.7,25.5,25.2,25.1,24.8,22.0,20.8,23.8
temperature,min,2568,table3_min_temperature_2568.csv,table3_min_temperature,East,20.3,23.2,25.0,26.0,25.6,26.0,26.0,25.8,25.3,24.8,23.1,22.5,24.5
temperature,min,2568,table3_min_temperature_2568.csv,table3_min_temperature,South_East_Coast,22.3,22.9,24.5,24.8,25.2,24.9,25.1,24.4,24.4,24.2,23.5,22.7,24.1
temperature,min,2568,table3_min_temperature_2568.csv,table3_min_temperature,South_West_Coast,23.8,23.9,25.1,25.0,25.1,25.0,25.9,24.7,24.8,24.3,24.1,23.5,24.6
temperature,min,2568,table3_min_temperature_2568.csv,table3_min_temperature,Thailand,18.0,21.1,23.3,25.0,25.1,25.3,25.1,24.8,24.6,24.0,21.7,20.4,23.2
